{
    "results_by_param": {
        "100_0.5": {
            "mean_mse": 4.980071560948455e-10,
            "mean_rre": 1.533557071071731e-05,
            "subject_count": 40792
        },
        "100_1.0": {
            "mean_mse": 1.5208690643880445e-10,
            "mean_rre": 9.185175660062918e-06,
            "subject_count": 40792
        },
        "100_1.5": {
            "mean_mse": 8.72623429275434e-11,
            "mean_rre": 7.2695563133907e-06,
            "subject_count": 40792
        },
        "100_2.0": {
            "mean_mse": 6.43327004540566e-11,
            "mean_rre": 6.366857596884812e-06,
            "subject_count": 40792
        },
        "100_2.5": {
            "mean_mse": 5.3665215101385755e-11,
            "mean_rre": 5.8549593872075e-06,
            "subject_count": 40792
        },
        "100_3.0": {
            "mean_mse": 4.786025698698458e-11,
            "mean_rre": 5.5309866324097664e-06,
            "subject_count": 40792
        },
        "100_3.5": {
            "mean_mse": 4.435422112109895e-11,
            "mean_rre": 5.3110177012409015e-06,
            "subject_count": 40792
        },
        "200_0.5": {
            "mean_mse": 1.1497419868953558e-09,
            "mean_rre": 1.9361835480592573e-05,
            "subject_count": 40792
        },
        "200_1.0": {
            "mean_mse": 3.204150358039673e-10,
            "mean_rre": 1.1308074889493474e-05,
            "subject_count": 40792
        },
        "200_1.5": {
            "mean_mse": 1.6373442313279918e-10,
            "mean_rre": 8.702105868164945e-06,
            "subject_count": 40792
        },
        "200_2.0": {
            "mean_mse": 1.0761864807250977e-10,
            "mean_rre": 7.4306920255768346e-06,
            "subject_count": 40792
        },
        "200_2.5": {
            "mean_mse": 8.15721715355139e-11,
            "mean_rre": 6.692116905629706e-06,
            "subject_count": 40792
        },
        "200_3.0": {
            "mean_mse": 6.729625926107391e-11,
            "mean_rre": 6.212200181026326e-06,
            "subject_count": 40792
        },
        "200_3.5": {
            "mean_mse": 5.869227659870254e-11,
            "mean_rre": 5.8817835902752715e-06,
            "subject_count": 40792
        },
        "300_0.5": {
            "mean_mse": 1.5659019937885856e-09,
            "mean_rre": 1.827447736446766e-05,
            "subject_count": 40792
        },
        "300_1.0": {
            "mean_mse": 4.4560075385821685e-10,
            "mean_rre": 1.1084403626946274e-05,
            "subject_count": 40792
        },
        "300_1.5": {
            "mean_mse": 2.2617922594525865e-10,
            "mean_rre": 8.748481937740027e-06,
            "subject_count": 40792
        },
        "300_2.0": {
            "mean_mse": 1.4445336976274986e-10,
            "mean_rre": 7.544554604590831e-06,
            "subject_count": 40792
        },
        "300_2.5": {
            "mean_mse": 1.065189569538427e-10,
            "mean_rre": 6.839559427230883e-06,
            "subject_count": 40792
        },
        "300_3.0": {
            "mean_mse": 8.524601647109481e-11,
            "mean_rre": 6.370950314413146e-06,
            "subject_count": 40792
        },
        "300_3.5": {
            "mean_mse": 7.220664975045925e-11,
            "mean_rre": 6.0374009011981945e-06,
            "subject_count": 40792
        },
        "400_0.5": {
            "mean_mse": 2.394946194530894e-09,
            "mean_rre": 2.0396763273083137e-05,
            "subject_count": 40792
        },
        "400_1.0": {
            "mean_mse": 5.914248323759178e-10,
            "mean_rre": 1.0702959816234506e-05,
            "subject_count": 40792
        },
        "400_1.5": {
            "mean_mse": 2.972173169052202e-10,
            "mean_rre": 8.498461721627947e-06,
            "subject_count": 40792
        },
        "400_2.0": {
            "mean_mse": 1.8492837220440263e-10,
            "mean_rre": 7.401116291954949e-06,
            "subject_count": 40792
        },
        "400_2.5": {
            "mean_mse": 1.3072271356566043e-10,
            "mean_rre": 6.743452193641154e-06,
            "subject_count": 40792
        },
        "400_3.0": {
            "mean_mse": 1.0145515132162544e-10,
            "mean_rre": 6.306110063788582e-06,
            "subject_count": 40792
        },
        "400_3.5": {
            "mean_mse": 8.455970702328689e-11,
            "mean_rre": 5.999298034235222e-06,
            "subject_count": 40792
        },
        "500_0.5": {
            "mean_mse": 4.5192211892984054e-09,
            "mean_rre": 3.190156128583494e-05,
            "subject_count": 40792
        },
        "500_1.0": {
            "mean_mse": 6.870587397160044e-10,
            "mean_rre": 1.103428647808138e-05,
            "subject_count": 40792
        },
        "500_1.5": {
            "mean_mse": 3.2928719239020047e-10,
            "mean_rre": 8.368985910321722e-06,
            "subject_count": 40792
        },
        "500_2.0": {
            "mean_mse": 2.1232302753834692e-10,
            "mean_rre": 7.3370686320618674e-06,
            "subject_count": 40792
        },
        "500_2.5": {
            "mean_mse": 1.5217160665478657e-10,
            "mean_rre": 6.709801604862007e-06,
            "subject_count": 40792
        },
        "500_3.0": {
            "mean_mse": 1.1881400823394874e-10,
            "mean_rre": 6.289135430391811e-06,
            "subject_count": 40792
        },
        "500_3.5": {
            "mean_mse": 9.761515939740283e-11,
            "mean_rre": 5.984011765998092e-06,
            "subject_count": 40792
        },
        "600_0.5": {
            "mean_mse": 1.137764546947248e-08,
            "mean_rre": 5.750874430402839e-05,
            "subject_count": 40792
        },
        "600_1.0": {
            "mean_mse": 1.0651749872730093e-09,
            "mean_rre": 1.367389878429493e-05,
            "subject_count": 40792
        },
        "600_1.5": {
            "mean_mse": 4.3133481454788944e-10,
            "mean_rre": 8.806269348105018e-06,
            "subject_count": 40792
        },
        "600_2.0": {
            "mean_mse": 2.5218761339576996e-10,
            "mean_rre": 7.438020493863091e-06,
            "subject_count": 40792
        },
        "600_2.5": {
            "mean_mse": 1.9639013323760238e-10,
            "mean_rre": 6.777642156157735e-06,
            "subject_count": 40792
        },
        "600_3.0": {
            "mean_mse": 1.464347803418865e-10,
            "mean_rre": 6.338026034228303e-06,
            "subject_count": 40792
        },
        "600_3.5": {
            "mean_mse": 1.1525011636595682e-10,
            "mean_rre": 6.023979405691263e-06,
            "subject_count": 40792
        },
        "700_0.5": {
            "mean_mse": 3.0352982529811804e-08,
            "mean_rre": 9.948855133909849e-05,
            "subject_count": 40792
        },
        "700_1.0": {
            "mean_mse": 2.0005990959360005e-09,
            "mean_rre": 2.0037291086652698e-05,
            "subject_count": 40792
        },
        "700_1.5": {
            "mean_mse": 5.393699510232388e-10,
            "mean_rre": 1.0024714048002462e-05,
            "subject_count": 40792
        },
        "700_2.0": {
            "mean_mse": 2.8333817904793454e-10,
            "mean_rre": 7.692921028024298e-06,
            "subject_count": 40792
        },
        "700_2.5": {
            "mean_mse": 1.9019461713385255e-10,
            "mean_rre": 6.810535129881349e-06,
            "subject_count": 40792
        },
        "700_3.0": {
            "mean_mse": 1.4247255915710611e-10,
            "mean_rre": 6.327730456855625e-06,
            "subject_count": 40792
        },
        "700_3.5": {
            "mean_mse": 1.156435739890789e-10,
            "mean_rre": 6.020923525769899e-06,
            "subject_count": 40792
        },